{"cameraMode":{"drawMode":0,"name":"Shaded","section":"Shading Mode"},"sceneLighting":false,"audioPlay":false,"sceneViewState":{"showFog":true,"showMaterialUpdate":false,"showSkybox":false,"showFlares":true,"showImageEffects":true,"showParticleSystems":true},"in2DMode":false,"pivot":{"x":177.5767364501953,"y":-61.745601654052737,"z":-118.22557067871094},"rotation":{"x":0.09228544682264328,"y":0.8277765512466431,"z":-0.14299070835113526,"w":0.534783661365509},"size":253.48391723632813,"orthographic":false}