{"cameraMode":{"drawMode":0,"name":"Shaded","section":"Shading Mode"},"sceneLighting":false,"audioPlay":false,"sceneViewState":{"showFog":true,"showMaterialUpdate":false,"showSkybox":false,"showFlares":true,"showImageEffects":true,"showParticleSystems":true},"in2DMode":false,"pivot":{"x":0.0000133514404296875,"y":4.893597602844238,"z":0.000011444091796875},"rotation":{"x":-0.35774609446525576,"y":0.60824054479599,"z":-0.3547598421573639,"w":-0.6134089231491089},"size":253.48533630371095,"orthographic":false}