{"cameraMode":{"drawMode":0,"name":"Shaded","section":"Shading Mode"},"sceneLighting":true,"audioPlay":false,"sceneViewState":{"showFog":true,"showMaterialUpdate":false,"showSkybox":false,"showFlares":true,"showImageEffects":true,"showParticleSystems":true},"in2DMode":false,"pivot":{"x":321.1415710449219,"y":-35.1574592590332,"z":22.618518829345704},"rotation":{"x":0.0416661873459816,"y":0.6812309622764587,"z":-0.03885709494352341,"w":0.7299157381057739},"size":328.5103759765625,"orthographic":false}