{"cameraMode":{"drawMode":0,"name":"Shaded","section":"Shading Mode"},"sceneLighting":true,"audioPlay":false,"sceneViewState":{"showFog":true,"showMaterialUpdate":false,"showSkybox":false,"showFlares":true,"showImageEffects":true,"showParticleSystems":true},"in2DMode":false,"pivot":{"x":66.00184631347656,"y":-236.74305725097657,"z":205.69407653808595},"rotation":{"x":0.3959006369113922,"y":0.14452379941940309,"z":-0.06324312835931778,"w":0.9046918153762817},"size":328.5103759765625,"orthographic":false}