{"cameraMode":{"drawMode":0,"name":"Shaded","section":"Shading Mode"},"sceneLighting":true,"audioPlay":false,"sceneViewState":{"showFog":true,"showMaterialUpdate":false,"showSkybox":false,"showFlares":true,"showImageEffects":true,"showParticleSystems":true},"in2DMode":false,"pivot":{"x":201.03042602539063,"y":-176.23379516601563,"z":20.854936599731447},"rotation":{"x":0.19835327565670014,"y":0.710710346698761,"z":-0.22100897133350373,"w":0.637800931930542},"size":328.5103759765625,"orthographic":false}