{"cameraMode":{"drawMode":0,"name":"Shaded","section":"Shading Mode"},"sceneLighting":true,"audioPlay":false,"sceneViewState":{"showFog":true,"showMaterialUpdate":false,"showSkybox":false,"showFlares":true,"showImageEffects":true,"showParticleSystems":true},"in2DMode":false,"pivot":{"x":-183.2850799560547,"y":29.356008529663087,"z":139.86553955078126},"rotation":{"x":-0.04769492894411087,"y":-0.3520752787590027,"z":-0.0180051326751709,"w":0.9346136450767517},"size":253.6003875732422,"orthographic":false}