{"cameraMode":{"drawMode":0,"name":"Shaded","section":"Shading Mode"},"sceneLighting":true,"audioPlay":false,"sceneViewState":{"showFog":true,"showMaterialUpdate":false,"showSkybox":false,"showFlares":true,"showImageEffects":true,"showParticleSystems":true},"in2DMode":false,"pivot":{"x":3.31217622756958,"y":1.5803680419921876,"z":5.64036750793457},"rotation":{"x":0.004092647694051266,"y":0.7918609380722046,"z":-0.6107720136642456,"w":0.005550198722630739},"size":40.010372161865237,"orthographic":false}