{"cameraMode":{"drawMode":0,"name":"Shaded","section":"Shading Mode"},"sceneLighting":false,"audioPlay":false,"sceneViewState":{"showFog":true,"showMaterialUpdate":false,"showSkybox":false,"showFlares":true,"showImageEffects":true,"showParticleSystems":true},"in2DMode":false,"pivot":{"x":145.429443359375,"y":-124.2826156616211,"z":-114.21589660644531},"rotation":{"x":-0.12851576507091523,"y":-0.8654582500457764,"z":0.28350207209587099,"w":-0.39275944232940676},"size":253.48391723632813,"orthographic":false}