{"cameraMode":{"drawMode":0,"name":"Shaded","section":"Shading Mode"},"sceneLighting":true,"audioPlay":false,"sceneViewState":{"showFog":true,"showMaterialUpdate":false,"showSkybox":false,"showFlares":true,"showImageEffects":true,"showParticleSystems":true},"in2DMode":false,"pivot":{"x":148.21755981445313,"y":-87.95936584472656,"z":15.440034866333008},"rotation":{"x":0.2294897884130478,"y":0.6598812341690064,"z":-0.22271008789539338,"w":0.6799538731575012},"size":253.6003875732422,"orthographic":false}