{"cameraMode":{"drawMode":0,"name":"Shaded","section":"Shading Mode"},"sceneLighting":true,"audioPlay":false,"sceneViewState":{"showFog":true,"showMaterialUpdate":false,"showSkybox":false,"showFlares":true,"showImageEffects":true,"showParticleSystems":true},"in2DMode":false,"pivot":{"x":332.6946105957031,"y":-137.7911834716797,"z":-16.48567008972168},"rotation":{"x":0.15947799384593965,"y":0.7061964273452759,"z":-0.16833437979221345,"w":0.6690403819084168},"size":328.5103759765625,"orthographic":false}