{"cameraMode":{"drawMode":0,"name":"Shaded","section":"Shading Mode"},"sceneLighting":true,"audioPlay":false,"sceneViewState":{"showFog":true,"showMaterialUpdate":false,"showSkybox":true,"showFlares":true,"showImageEffects":true,"showParticleSystems":true},"in2DMode":false,"pivot":{"x":-61.03541564941406,"y":44.81810760498047,"z":48.463436126708987},"rotation":{"x":0.15476146340370179,"y":0.7920181751251221,"z":-0.22431406378746034,"w":0.5463762879371643},"size":1.3578839302062989,"orthographic":false}